[
    {
        "date": "2020-05-01",
        "ajout": 105,
        "cumul": 4528,
        "obsvAjout": 146,
        "obsvCumul": 4569
    },
    {
        "date": "2020-05-02",
        "ajout": 106,
        "cumul": 4675,
        "obsvAjout": 160,
        "obsvCumul": 4729
    },
    {
        "date": "2020-05-03",
        "ajout": 142,
        "cumul": 4871,
        "obsvAjout": 174,
        "obsvCumul": 4903
    },
    {
        "date": "2020-05-04",
        "ajout": 175,
        "cumul": 5078,
        "obsvAjout": 150,
        "obsvCumul": 5053
    },
    {
        "date": "2020-05-05",
        "ajout": 158,
        "cumul": 5211,
        "obsvAjout": 166,
        "obsvCumul": 5219
    },
    {
        "date": "2020-05-06",
        "ajout": 170,
        "cumul": 5389,
        "obsvAjout": 189,
        "obsvCumul": 5408
    },
    {
        "date": "2020-05-07",
        "ajout": 185,
        "cumul": 5593,
        "obsvAjout": 140,
        "obsvCumul": 5548
    },
    {
        "date": "2020-05-08",
        "ajout": 164,
        "cumul": 5712,
        "obsvAjout": 163,
        "obsvCumul": 5711
    },
    {
        "date": "2020-05-09",
        "ajout": 166,
        "cumul": 5877,
        "obsvAjout": 199,
        "obsvCumul": 5910
    },
    {
        "date": "2020-05-10",
        "ajout": 190,
        "cumul": 6100,
        "obsvAjout": 153,
        "obsvCumul": 6063
    },
    {
        "date": "2020-05-11",
        "ajout": 197,
        "cumul": 6260,
        "obsvAjout": 218,
        "obsvCumul": 6281
    },
    {
        "date": "2020-05-12",
        "ajout": 195,
        "cumul": 6476,
        "obsvAjout": 137,
        "obsvCumul": 6418
    },
    {
        "date": "2020-05-13",
        "ajout": 206,
        "cumul": 6624,
        "obsvAjout": 94,
        "obsvCumul": 6512
    },
    {
        "date": "2020-05-14",
        "ajout": 142,
        "cumul": 6654,
        "obsvAjout": 95,
        "obsvCumul": 6607
    },
    {
        "date": "2020-05-15",
        "ajout": 120,
        "cumul": 6727,
        "obsvAjout": 45,
        "obsvCumul": 6652
    },
    {
        "date": "2020-05-16",
        "ajout": 80,
        "cumul": 6732,
        "obsvAjout": 89,
        "obsvCumul": 6741
    },
    {
        "date": "2020-05-17",
        "ajout": 81,
        "cumul": 6822,
        "obsvAjout": 129,
        "obsvCumul": 6870
    },
    {
        "date": "2020-05-18",
        "ajout": 82,
        "cumul": 6952,
        "obsvAjout": 82,
        "obsvCumul": 6952
    },
    {
        "date": "2020-05-19",
        "ajout": 97,
        "cumul": 7049,
        "obsvAjout": 71,
        "obsvCumul": 7023
    },
    {
        "date": "2020-05-20",
        "ajout": 85,
        "cumul": 7108,
        "obsvAjout": 110,
        "obsvCumul": 7133
    },
    {
        "date": "2020-05-21",
        "ajout": 99,
        "cumul": 7232,
        "obsvAjout": 78,
        "obsvCumul": 7211
    },
    {
        "date": "2020-05-22",
        "ajout": 90,
        "cumul": 7301
    },
    {
        "date": "2020-05-23",
        "ajout": 91,
        "cumul": 7392
    },
    {
        "date": "2020-05-24",
        "ajout": 92,
        "cumul": 7484
    },
    {
        "date": "2020-05-25",
        "ajout": 93,
        "cumul": 7577
    },
    {
        "date": "2020-05-26",
        "ajout": 94,
        "cumul": 7671
    },
    {
        "date": "2020-05-27",
        "ajout": 95,
        "cumul": 7766
    },
    {
        "date": "2020-05-28",
        "ajout": 96,
        "cumul": 7862
    }
]